<?xml version="1.0" encoding="utf-8"?>
<RegistrySettings clsid="{A3CCFC41-DFDB-43a5-8D26-0FE8B954DA51}"><Collection clsid="{53B533F5-224C-47e3-B01B-CA3B3F3FF4BF}" name="ScripedDiagnostics"><Collection clsid="{53B533F5-224C-47e3-B01B-CA3B3F3FF4BF}" name="HKEY_LOCAL_MACHINE"><Collection clsid="{53B533F5-224C-47e3-B01B-CA3B3F3FF4BF}" name="SOFTWARE"><Collection clsid="{53B533F5-224C-47e3-B01B-CA3B3F3FF4BF}" name="Microsoft"><Collection clsid="{53B533F5-224C-47e3-B01B-CA3B3F3FF4BF}" name="Windows"><Collection clsid="{53B533F5-224C-47e3-B01B-CA3B3F3FF4BF}" name="ScriptedDiagnostics"><Registry clsid="{9CD4B2F4-923D-47f5-A062-E897DD1DAD50}" name="EnableDiagnostics" status="EnableDiagnostics" image="10" changed="2022-06-01 10:10:00" uid="{405666D4-5D63-F39E-2A91-9477A8C8BA4D}"><Properties action="C" displayDecimal="0" default="0" hive="HKEY_LOCAL_MACHINE" key="SOFTWARE\Microsoft\Windows\ScriptedDiagnostics" name="EnableDiagnostics" type="REG_DWORD" value="00000000"/><Filters/></Registry>
						</Collection>
					</Collection>
				</Collection>
			</Collection>
		</Collection>
	</Collection>
</RegistrySettings>
