<BackupInst xmlns="http://www.microsoft.com/GroupPolicy/GPOOperations/Manifest"><GPOGuid><![CDATA[{9017D9E3-2518-42F4-860D-890E8C874767}]]></GPOGuid><GPODomain><![CDATA[int.parceu.com]]></GPODomain><GPODomainGuid><![CDATA[{a02e9317-239d-4c3e-9a0a-ef12172da41e}]]></GPODomainGuid><GPODomainController><![CDATA[smb1.int.parceu.com]]></GPODomainController><BackupTime><![CDATA[2022-06-01T20:17:05]]></BackupTime><ID><![CDATA[{2B7ED803-C83D-4F74-8BD9-5690D0C0251F}]]></ID><Comment><![CDATA[]]></Comment><GPODisplayName><![CDATA[RemediateFollina]]></GPODisplayName></BackupInst>
