<Backups xmlns="http://www.microsoft.com/GroupPolicy/GPOOperations/Manifest" xmlns:mfst="http://www.microsoft.com/GroupPolicy/GPOOperations/Manifest" mfst:version="1.0"><BackupInst><GPOGuid><![CDATA[{36281B63-0EC3-4590-A353-4BABC3F92F26}]]></GPOGuid><GPODomain><![CDATA[int.parceu.com]]></GPODomain><GPODomainGuid><![CDATA[{a02e9317-239d-4c3e-9a0a-ef12172da41e}]]></GPODomainGuid><GPODomainController><![CDATA[smb1.int.parceu.com]]></GPODomainController><BackupTime><![CDATA[2022-06-01T10:33:15]]></BackupTime><ID><![CDATA[{030E7D76-994E-4B82-A30C-F465F106503B}]]></ID><Comment><![CDATA[]]></Comment><GPODisplayName><![CDATA[ITR-RemediateFollina]]></GPODisplayName></BackupInst></Backups>